"metric","mean","sd"
"GLPK Coverage",876339.6,5077.51674541798
"GA Coverage",863306,16290.6299601949
"BO Mean Coverage",947313.8,4749.03776569528
"GA Gap (%)",1.48589742538538,1.86544028541853
"BO Gap (%)",-8.09935332680609,0.116677927727777
