"trial_id","glpk_coverage","glpk_time","ga_coverage","ga_time","bo_mean_coverage","bo_sd_coverage","bo_min_coverage","bo_max_coverage","bo_mean_time","ga_gap","bo_gap_mean"
1,875940,0.800215005874634,872563,0.295292854309082,946831,0,946831,946831,1300.90563213825,0.385528689179624,-8.09313423293833
2,875885,0.743628025054932,875885,0.160274028778076,945882,0,945882,945882,786.174251246452,0,-7.99157423634381
3,884261,0.714843988418579,852866,0.159687042236328,955116,0,955116,955116,801.240991520882,3.55042233005866,-8.01290569187152
4,870064,0.713151931762695,839668,0.164308071136475,942165,0,942165,942165,1023.56455061436,3.49353610768863,-8.28686165615403
5,875548,0.73031497001648,875548,0.167042970657349,946575,0,946575,946575,1431.33017663956,0,-8.11229081672278
